id;first_name;last_name;middle_name;phone;company;dob;address_line_1;address_line_2;city;postal_code;country
1;Ayana;MacGyver;back-end;"4";visualize;2020-03-17;leading-edge;navigate 5th generation;East Kariannefurt;Buckinghamshire Accounts;Azerbaijan
2;Odie;Cartwright;Security;"3";Metrics Kyrgyz Republic;2020-03-18;Florida Tactics;override monetize;Port Myrtie;cyan SMTP;United Kingdom
3;Emmie;Lowe;Unbranded Avon Home Loan Account;"-7";Equatorial Guinea Secured;2020-03-17;Via Road;Consultant Kids world-class;Germanville;Analyst bypass Frozen;Cape Verde
4;Yvette;Beatty;Credit Card Account;"289";Distributed hacking Avon;2020-03-18;Small Frozen Bike Wooden bandwidth;programming Customizable;Lake Domenickbury;blue Games;Tunisia
5;Dallin;Jast;e-business Bahamas Unbranded Wooden Gloves;"63+50";PCI seamless;2020-03-17;feed Lao People's Democratic Republic;Visionary Unbranded Borders;Legrosland;Bike;Holy See (Vatican City State)
6;Johathan;Johnston;Wisconsin online platforms;"012";application;2020-03-17;full-range navigate;Cross-group;Port Tyrese;Computers Organized Parkway;Kyrgyz Republic
7;Xavier;Hodkiewicz;auxiliary Intuitive program;"068851";mindshare synergies Clothing;2020-03-18;open-source FTP Response;Handmade Soft Salad demand-driven Practical;New Damaristown;Computers;Turkmenistan
8;Muriel;Farrell;pink;"5002";portals;2020-03-17;protocol neural Auto Loan Account;GB frame;North Norristown;Toys;Honduras
9;Joyce;Lakin;generating Plains Auto Loan Account;"+";Supervisor Keyboard;2020-03-18;envisioneer Home;mobile functionalities Program;North Albertport;XML Stand-alone;Belarus
10;Amparo;Mohr;Applications;"-6";navigate Savings Account;2020-03-17;Specialist;calculate;Augustusfort;payment;Greenland
